filepath,prediction,label
./data/nips17/images/0c7ac4a8c9dfa802,305,305,0.0
./data/nips17/images/f43fbfe8a9ea876c,883,883,0.0
./data/nips17/images/4fc263d35a3ad3ee,243,243,0.0
./data/nips17/images/cc13c2bc5cdd1f44,559,559,0.0
./data/nips17/images/73a52afd2f818ed5,438,438,0.0
./data/nips17/images/58f0fd17c4a0e25a,990,990,0.0
./data/nips17/images/90e11aa7c36c64f2,949,949,0.0
./data/nips17/images/696f0f6bea562bf8,853,853,0.0
./data/nips17/images/df58f94361c6d105,609,609,0.0
./data/nips17/images/1394faa319bd353c,609,609,0.0
./data/nips17/images/6cae4a23623d142b,582,582,0.0
./data/nips17/images/d02adcb9140880a1,915,915,0.0
./data/nips17/images/71080285ad6cb4e9,539,455,0.0
./data/nips17/images/137ab6ca314e9e35,798,619,0.0
./data/nips17/images/c819099fed6f0d73,961,961,0.0
./data/nips17/images/4b384c8247b56c0a,541,541,0.0
./data/nips17/images/62ebd5f7ce015380,630,630,0.0
./data/nips17/images/f24817d66024dfb6,741,741,0.0
./data/nips17/images/1b57d7bbd673c771,422,422,0.0
./data/nips17/images/a2de1f4f2c1021fa,455,455,0.0
./data/nips17/images/3e7b01ba495f15f9,707,707,0.0
./data/nips17/images/1a264165276e3c85,854,854,0.0
./data/nips17/images/bc9a5e01c02e759e,922,922,0.0
./data/nips17/images/01bdc0cfe670f708,471,471,0.0
./data/nips17/images/6af829a442e2e0e7,129,129,0.0
./data/nips17/images/493694833dc23399,537,537,0.0
./data/nips17/images/6ac94c9244f84aa3,672,672,0.0
./data/nips17/images/7529b42e71769777,476,476,0.0
./data/nips17/images/d204464fcf15ad99,299,299,0.0
./data/nips17/images/7fd7ce3eb2bf9944,99,99,0.0
./data/nips17/images/303781188f1b3b27,476,476,0.0
./data/nips17/images/67967c9db11151e0,251,251,0.0
./data/nips17/images/fa2a7d600b62174e,520,520,0.0
./data/nips17/images/cd2d2889ef7ac51c,923,923,0.0
./data/nips17/images/11954d93a7051cb5,22,22,0.0
./data/nips17/images/03f90f7138f761e8,663,663,0.0
./data/nips17/images/19935b1c0a4d305d,760,760,0.0
./data/nips17/images/9cf861a657c27cec,582,582,0.0
./data/nips17/images/05817a675e7506d1,672,672,0.0
./data/nips17/images/e1c702ed9842dd1c,692,692,0.0
./data/nips17/images/e7cafac174e90143,525,525,0.0
./data/nips17/images/1a680f33500acb4b,931,931,0.0
./data/nips17/images/81ddbe14219e9dcf,317,317,0.0
./data/nips17/images/04cb9de291399d15,464,464,0.0
./data/nips17/images/23f9d18d531eb148,478,478,0.0
./data/nips17/images/63f2e14ab6be82cf,667,667,0.0
./data/nips17/images/0dffbfa7ba43cb90,961,961,0.0
./data/nips17/images/a97274c7e80a1764,865,865,0.0
./data/nips17/images/85e2eea48d912d31,805,805,0.0
./data/nips17/images/ff5182599937c1ec,324,324,0.0
./data/nips17/images/4bb12984b41d0834,33,33,0.0
./data/nips17/images/150249123e81930d,922,922,0.0
./data/nips17/images/f963957ccfa82f6b,142,142,0.0
./data/nips17/images/890fdaf4e1892e00,312,312,0.0
./data/nips17/images/9a1c67f467b9beea,302,302,0.0
./data/nips17/images/217597258ac12258,582,582,0.0
./data/nips17/images/346c5575b60194c3,988,948,0.0
./data/nips17/images/296033c3a5910845,360,360,0.0
./data/nips17/images/3a7d9bd310202e93,789,789,0.0
./data/nips17/images/56e9d5f63cfc507e,440,440,0.0
./data/nips17/images/602f2c3749d6021e,746,746,0.0
./data/nips17/images/7c754696067fdfa9,764,764,0.0
./data/nips17/images/8f5eda0b6a910b43,949,949,0.0
./data/nips17/images/89119361e9d9e02d,480,480,0.0
./data/nips17/images/da63f2acf683c0a7,133,133,0.0
./data/nips17/images/741fc1a3fc08731d,792,792,0.0
./data/nips17/images/d77af00930283f4b,900,900,0.0
./data/nips17/images/97151fe7a0a6e2e3,733,733,0.0
./data/nips17/images/393d40f3a6a79400,327,327,0.0
./data/nips17/images/8f5e0855ca8de8ea,467,467,0.0
./data/nips17/images/d72f34526e12fd83,441,441,0.0
./data/nips17/images/957529a2abaa0581,882,882,0.0
./data/nips17/images/3bd1ba0432603b28,920,920,0.0
./data/nips17/images/3228a465697fb2cf,839,839,0.0
./data/nips17/images/871c99d5658c3189,955,955,0.0
./data/nips17/images/1733cbc68a2ae05d,555,555,0.0
./data/nips17/images/69a3493d13953e1f,519,519,0.0
./data/nips17/images/8a82ddd7ab76efbb,510,510,0.0
./data/nips17/images/e95ef0aeeab7b496,888,888,0.0
./data/nips17/images/8555611998ea426a,990,990,0.0
./data/nips17/images/1cc2caf8e5db27c3,430,430,0.0
./data/nips17/images/a00c8d22e63497c4,430,430,0.0
./data/nips17/images/4f553b721705d008,396,396,0.0
./data/nips17/images/f1ce339a44d7a118,97,97,0.0
./data/nips17/images/2153d9869fb5a9ef,644,644,0.0
./data/nips17/images/7506caf0a49c3951,78,78,0.0
./data/nips17/images/1d4133f5bc7af193,140,140,0.0
./data/nips17/images/fd26c4733822dfcc,362,362,0.0
./data/nips17/images/60f5900a00d94b25,705,705,0.0
./data/nips17/images/79f953be91aa8ce2,659,659,0.0
./data/nips17/images/d9da4e5ef53d5e8b,539,640,0.0
./data/nips17/images/0411ca972e637297,967,967,0.0
./data/nips17/images/92dbb18dd447fd75,489,489,0.0
./data/nips17/images/65251969959ce0e6,937,937,0.0
./data/nips17/images/b76e552d4b3ec0c3,991,991,0.0
./data/nips17/images/828ade8df2d14c45,887,887,0.0
./data/nips17/images/3dc0e8f854bdc9b3,603,603,0.0
./data/nips17/images/6bb6cf032c1286c5,467,467,0.0
./data/nips17/images/2e9b377877f64b3d,498,498,0.0
./data/nips17/images/2842a69bf5b14526,879,879,0.0
./data/nips17/images/a74f197288b10a0d,807,807,0.0
./data/nips17/images/7a85f42383ec2f81,708,708,0.0
./data/nips17/images/55e85d7b58024966,967,967,0.0
./data/nips17/images/d6d192c5786f29f5,472,472,0.0
./data/nips17/images/f533740a8d4618ce,287,287,0.0
./data/nips17/images/5292f5b36a0789fa,853,853,0.0
./data/nips17/images/ba4b978112a20be1,971,971,0.0
./data/nips17/images/3692f6967c632fee,805,805,0.0
./data/nips17/images/fae551840c1690fa,719,719,0.0
./data/nips17/images/8020698d79dc39f2,854,854,0.0
./data/nips17/images/d392f0639c17f396,853,807,0.0
./data/nips17/images/8f97e3fface13e4d,471,471,0.0
./data/nips17/images/a920691cf2d50f79,698,946,0.0
./data/nips17/images/a482985ca1e77960,890,890,0.0
./data/nips17/images/362e4ac62cf888f4,572,572,0.0
./data/nips17/images/694e7617a4878041,883,883,0.0
./data/nips17/images/fa5484e61e455eb2,476,476,0.0
./data/nips17/images/ab42aa5e9745c214,581,581,0.0
./data/nips17/images/e6e677a28e3bd6d7,603,603,0.0
./data/nips17/images/2e541180b2323a5d,23,23,0.0
./data/nips17/images/01f824264783f58d,967,967,0.0
./data/nips17/images/335e604bbe3eec78,311,311,0.0
./data/nips17/images/4e1bdcb677f21fb4,873,873,0.0
./data/nips17/images/c6b5f6c1d79dffc6,582,582,0.0
./data/nips17/images/8f9c1e4fd9f4cb2e,16,16,0.0
./data/nips17/images/f54616f2af588fd8,672,672,0.0
./data/nips17/images/f20911d36a287dce,780,780,0.0
./data/nips17/images/81a7637c67f4f777,489,489,0.0
./data/nips17/images/65c1808390bd18c5,685,685,0.0
./data/nips17/images/e570258f1bef4ade,366,366,0.0
./data/nips17/images/58bbaa0c5ab520d5,662,487,0.0
./data/nips17/images/556d8b457b94c285,746,746,0.0
./data/nips17/images/38546e7d7136c2ab,599,599,0.0
./data/nips17/images/9876fe92d003c9d4,912,912,0.0
./data/nips17/images/8df3dc0c3fef1824,950,950,0.0
./data/nips17/images/938ada2f2bfa2b68,843,843,0.0
./data/nips17/images/61131df39f19a4a0,614,614,0.0
./data/nips17/images/7278c2b63080f08c,348,348,0.0
./data/nips17/images/f734e87286835196,323,323,0.0
./data/nips17/images/06a0e36c443746b5,353,353,0.0
./data/nips17/images/d7d8fc1442a82a8e,21,21,0.0
./data/nips17/images/f9937696f421f4e4,84,84,0.0
./data/nips17/images/9429f0d1ad2283df,437,437,0.0
./data/nips17/images/7524a7ef9de8edc3,946,946,0.0
./data/nips17/images/c98a8640dcfaa5e0,746,746,0.0
./data/nips17/images/d34c51d7523e9c0f,646,646,0.0
./data/nips17/images/24726d9054e9d78f,544,544,0.0
./data/nips17/images/66aa56675136bbab,469,469,0.0
./data/nips17/images/a8fe76c687b00e33,487,597,0.0
./data/nips17/images/411c5d79017077f4,81,81,0.0
./data/nips17/images/bb6fcb4a52b4fc0f,734,734,0.0
./data/nips17/images/84640859ee739095,719,719,0.0
./data/nips17/images/6d2d82bc1ba0a956,51,51,0.0
./data/nips17/images/3e1e47f5af2a3f16,293,293,0.0
./data/nips17/images/1ac44ddb6a2d497a,897,897,0.0
./data/nips17/images/7a291389e67a8a07,416,416,0.0
./data/nips17/images/afa0f88aaab03427,544,544,0.0
./data/nips17/images/1e26772fc8c493bb,931,415,0.0
./data/nips17/images/4d1237ccbd9a5b4b,814,814,0.0
./data/nips17/images/c3f452167c39302f,295,295,0.0
./data/nips17/images/6841e385fe79177f,829,829,0.0
./data/nips17/images/b48febf2b989205b,759,759,0.0
./data/nips17/images/baeb1300832574aa,971,971,0.0
./data/nips17/images/7b6cc934fda859fa,306,306,0.0
./data/nips17/images/39f82c728c956125,637,637,0.0
./data/nips17/images/c8231978dc765004,471,471,0.0
./data/nips17/images/823f8eae0df2d5c1,94,94,0.0
./data/nips17/images/038fd7a750733bb5,17,17,0.0
./data/nips17/images/6d6078c60e59e9f4,984,984,0.0
./data/nips17/images/1f71668ab3dbe81b,708,708,0.0
./data/nips17/images/70b3b833463d20b9,863,863,0.0
./data/nips17/images/dd4d033a9a45552d,391,391,0.0
./data/nips17/images/8800cff23fade16a,531,531,0.0
./data/nips17/images/af2ac1705dc19a5f,383,383,0.0
./data/nips17/images/87937b805302f958,417,417,0.0
./data/nips17/images/f33087679c5e7799,442,442,0.0
./data/nips17/images/6374e7e35ad90f50,38,38,0.0
./data/nips17/images/92c73d668e2cd3ce,858,858,0.0
./data/nips17/images/e8d5809ee6888f8f,716,716,0.0
./data/nips17/images/45da32a1cf073a4f,99,99,0.0
./data/nips17/images/fe94909a2fad4ffe,546,546,0.0
./data/nips17/images/00c3cd597f1ee96f,137,137,0.0
./data/nips17/images/a5949b0719d3ea77,980,980,0.0
./data/nips17/images/d7984e6e1a51b3c4,517,517,0.0
./data/nips17/images/979757e16b67ac7e,322,322,0.0
./data/nips17/images/60ab0fb53634bc3c,765,765,0.0
./data/nips17/images/ad333e5d6953cbbf,632,632,0.0
./data/nips17/images/2b7e6f0d6f73fa1f,553,637,0.0
./data/nips17/images/4063377442ea93d3,595,595,0.0
./data/nips17/images/60ed157b21d49c4c,754,754,0.0
./data/nips17/images/8f07c92f0af97807,805,805,0.0
./data/nips17/images/d67b326ef48bb7b7,873,873,0.0
./data/nips17/images/9f3afb58c061c290,980,980,0.0
./data/nips17/images/1f7c25207bc3e303,475,475,0.0
./data/nips17/images/70d812d368e3e828,455,455,0.0
./data/nips17/images/e19a59ad09d18497,442,442,0.0
./data/nips17/images/dde33b51c8c152d2,734,734,0.0
./data/nips17/images/a33af1b9f8b8a81b,879,879,0.0
./data/nips17/images/1c924877ccc60129,409,409,0.0
./data/nips17/images/74dbbe535861d709,417,701,0.0
./data/nips17/images/858ec91996beb034,685,685,0.0
./data/nips17/images/e5cf220f8144c192,466,705,0.0
./data/nips17/images/34a39905ce228160,768,768,0.0
./data/nips17/images/9455bd672cb9e4bd,521,521,0.0
./data/nips17/images/9c509bfb75167fb0,640,640,0.0
./data/nips17/images/37e7dc99bf2704c7,663,663,0.0
./data/nips17/images/f2bfa7a95e787fe1,720,720,0.0
./data/nips17/images/0f9d8c86a9f38020,759,759,0.0
./data/nips17/images/ce05236afebb173d,535,535,0.0
./data/nips17/images/12fb008451be82d4,582,582,0.0
./data/nips17/images/1a7425e8f990e04a,607,607,0.0
./data/nips17/images/1ba816dc6937b62d,859,859,0.0
./data/nips17/images/a92e49d8bbdc2aae,532,532,0.0
./data/nips17/images/0e0f1fd2ed183781,113,113,0.0
./data/nips17/images/c83cfca4bc9dd3c7,695,695,0.0
./data/nips17/images/172f992e1a0ebbc3,565,565,0.0
./data/nips17/images/565c67fd230f18cc,554,554,0.0
./data/nips17/images/b8596bba57a73794,351,351,0.0
./data/nips17/images/d94940216544b2c5,311,311,0.0
./data/nips17/images/9f55ac35ce9703e5,8,8,0.0
./data/nips17/images/55323ce1ff485412,385,385,0.0
./data/nips17/images/526f322d78bd5b44,570,570,0.0
./data/nips17/images/229fbe790098d2e5,480,480,0.0
./data/nips17/images/e0c0f412d78571dc,733,733,0.0
./data/nips17/images/d12aad0d18252b40,324,324,0.0
./data/nips17/images/22712d0324d43ef2,897,897,0.0
./data/nips17/images/3201d10ec4dca056,738,738,0.0
./data/nips17/images/62c7958e7cd80cca,401,401,0.0
./data/nips17/images/12cf4de43c70273e,814,814,0.0
./data/nips17/images/56dbd7d814ef5c58,253,253,0.0
./data/nips17/images/e91abe0f1a7a30f4,751,751,0.0
./data/nips17/images/641d03527848417f,340,340,0.0
./data/nips17/images/de282cea97167923,303,304,0.0
./data/nips17/images/088560551b91ceb0,982,982,0.0
./data/nips17/images/a70b1cda0776cba6,142,142,0.0
./data/nips17/images/c036b20afde859b7,280,280,0.0
./data/nips17/images/5d6c4759c26bae8c,546,546,0.0
./data/nips17/images/3eded0a8d5f16059,99,99,0.0
./data/nips17/images/9db1070b1b9f03d2,323,323,0.0
./data/nips17/images/e3c3f8889ac99aec,535,535,0.0
./data/nips17/images/d6d42f8a1f6b4460,665,665,0.0
./data/nips17/images/517dc655edeaf344,429,429,0.0
./data/nips17/images/10db986bad48a9d5,893,893,0.0
./data/nips17/images/17cfccd62451a233,965,965,0.0
./data/nips17/images/212476b1b58a0cfe,511,511,0.0
./data/nips17/images/919a6f1d23c6d05e,144,144,0.0
./data/nips17/images/da4f4d6944d93ae0,734,734,0.0
./data/nips17/images/1461ed9402248ddc,513,513,0.0
./data/nips17/images/f0dcd519b5499d48,663,663,0.0
./data/nips17/images/9a5913e0fb6d0866,766,766,0.0
./data/nips17/images/cfab8f880da31ad8,540,540,0.0
./data/nips17/images/17df043d369008f5,990,990,0.0
./data/nips17/images/95d6a4087f394d8b,749,749,0.0
./data/nips17/images/0be391239ccba0f2,718,718,0.0
./data/nips17/images/8d68931ba23fdeb7,841,841,0.0
./data/nips17/images/6bff4ecb94f1f84e,858,858,0.0
./data/nips17/images/96fcb76927274db6,471,471,0.0
./data/nips17/images/4de063bd5b838f11,1,1,0.0
./data/nips17/images/55b85f4336d9603a,879,879,0.0
./data/nips17/images/f6437ed4f1b8fe23,301,301,0.0
./data/nips17/images/a90d9627e2145090,425,425,0.0
./data/nips17/images/f4bde5facfdca0c6,787,787,0.0
./data/nips17/images/803450d936b35ebb,933,933,0.0
./data/nips17/images/fff35cdcce3cde43,912,912,0.0
./data/nips17/images/b58e8d136aff5a50,624,624,0.0
./data/nips17/images/76d7e2d1bf3a31fe,311,311,0.0
./data/nips17/images/a777db736ecdfb65,325,325,0.0
./data/nips17/images/f1a6fdadaa132225,989,989,0.0
./data/nips17/images/6bea02f26beef50d,708,708,0.0
./data/nips17/images/7b6a9bf5b175e3b2,557,557,0.0
./data/nips17/images/7c249a944594a62e,989,989,0.0
./data/nips17/images/5c2d823a4d30e3d5,717,717,0.0
./data/nips17/images/fc94d8ed9eca8c51,389,389,0.0
./data/nips17/images/73728c249317ccb9,847,847,0.0
./data/nips17/images/0b1d45bd9ab1064e,560,560,0.0
./data/nips17/images/4b52fd42977215b9,900,900,0.0
./data/nips17/images/c27e3bde18fba21b,322,322,0.0
./data/nips17/images/5dbfff56258cf9e6,317,317,0.0
./data/nips17/images/c47ca11294a9aefe,546,546,0.0
./data/nips17/images/97917829607b6189,858,858,0.0
./data/nips17/images/d386396825739960,853,853,0.0
./data/nips17/images/44fa09bc5f8e69a5,303,303,0.0
./data/nips17/images/70db5a1689f89129,433,433,0.0
./data/nips17/images/89d60f53d478c4f7,667,667,0.0
./data/nips17/images/d531a31add433f46,763,763,0.0
./data/nips17/images/4d0c0f35a0c00bdc,679,679,0.0
./data/nips17/images/33197fa6ae88508a,847,847,0.0
./data/nips17/images/78059d1afd7b9fea,57,57,0.0
./data/nips17/images/542c07e8bf8e283c,144,144,0.0
./data/nips17/images/e8c99e0220ab46d2,590,590,0.0
./data/nips17/images/c755f3b0f89028fc,565,565,0.0
./data/nips17/images/76db169867bf2e9d,963,963,0.0
./data/nips17/images/784232355d49601b,326,326,0.0
./data/nips17/images/e99ceff3e420ef95,830,830,0.0
./data/nips17/images/23955512cd0e1191,475,475,0.0
./data/nips17/images/d6eac6858474111c,322,322,0.0
./data/nips17/images/8d90c523b27410a7,320,320,0.0
./data/nips17/images/5cf72b48fdf5e419,629,629,0.0
./data/nips17/images/228fec6cab5f560d,973,973,0.0
./data/nips17/images/e7b61bec5e4ca40e,323,323,0.0
./data/nips17/images/d3551db0b83c8fc0,617,617,0.0
./data/nips17/images/c7d0c73d636300f5,829,829,0.0
./data/nips17/images/61ed2594a0524631,471,471,0.0
./data/nips17/images/89f48bcf97aa6600,417,417,0.0
./data/nips17/images/ed786d792c4309a4,498,498,0.0
./data/nips17/images/9fe19d5c6dab83a3,454,454,0.0
./data/nips17/images/d5d5f843f100328c,885,885,0.0
./data/nips17/images/789417c091011f53,344,344,0.0
./data/nips17/images/e648427e38e80ff8,887,887,0.0
./data/nips17/images/1478a0fc99a988db,775,775,0.0
./data/nips17/images/e758de2cbb3d10a0,304,304,0.0
./data/nips17/images/8af30e5c3fa48a08,695,695,0.0
./data/nips17/images/38287d2e5a4a9a57,828,959,0.0
./data/nips17/images/c6e0d2ab3bbf4a3e,705,705,0.0
./data/nips17/images/4cccb215bd60b3c3,32,32,0.0
./data/nips17/images/9a49001b63903f72,768,768,0.0
./data/nips17/images/1cbae41091a750dc,472,472,0.0
./data/nips17/images/de40907c1e2c5515,628,628,0.0
./data/nips17/images/446f75fdea0e1da0,921,921,0.0
./data/nips17/images/059da9a174262427,253,253,0.0
./data/nips17/images/35c344ca0584ba14,687,687,0.0
./data/nips17/images/c335ce88293384f2,734,734,0.0
./data/nips17/images/daa6404780b1af27,637,637,0.0
./data/nips17/images/446b24f903b488fc,143,143,0.0
./data/nips17/images/d7ffed8f21024a14,751,751,0.0
./data/nips17/images/5efeca6c4c233f01,760,760,0.0
./data/nips17/images/7d599306068f4594,716,716,0.0
./data/nips17/images/67a52d9155241752,829,829,0.0
./data/nips17/images/dc12a25cc85ee9cf,646,646,0.0
./data/nips17/images/0d6463e9a7ef6185,770,770,0.0
./data/nips17/images/af543b5f19ed1b1d,39,39,0.0
./data/nips17/images/a7151de51c2f1d0b,344,344,0.0
./data/nips17/images/c5c9d17672ff88ce,457,457,0.0
./data/nips17/images/5bdb8268eadf57d8,851,851,0.0
./data/nips17/images/80177288cda51d95,640,640,0.0
./data/nips17/images/5b60477a29c7ef81,415,415,0.0
./data/nips17/images/da7e65bc80814f37,777,787,0.0
./data/nips17/images/4aeb33c9e565a201,97,97,0.0
./data/nips17/images/19d43f8204d3183d,984,984,0.0
./data/nips17/images/2b741c5c635a7295,107,107,0.0
./data/nips17/images/398720b8f19d5b84,696,696,0.0
./data/nips17/images/ab8329c28d8538c3,468,468,0.0
./data/nips17/images/348618ddbde3a39c,385,385,0.0
./data/nips17/images/d0029b3675b792ae,789,789,0.0
./data/nips17/images/69854b68476d5068,892,892,0.0
./data/nips17/images/4bdb561770b52424,146,146,0.0
./data/nips17/images/a92ab9e5fb9c5d64,628,628,0.0
./data/nips17/images/8c6edf1ddfb61102,888,888,0.0
./data/nips17/images/c135b139d293f7f2,346,346,0.0
./data/nips17/images/7d2e9b03ec1b630b,400,400,0.0
./data/nips17/images/29fe8d653950a631,79,79,0.0
./data/nips17/images/d4c817db6be62b71,94,94,0.0
./data/nips17/images/1e77361718213a43,439,439,0.0
./data/nips17/images/6711e27733cfd050,717,717,0.0
./data/nips17/images/df874264566c58a9,741,741,0.0
./data/nips17/images/67c0339b1dfda5f6,557,557,0.0
./data/nips17/images/abd121ef53a69ef8,239,239,0.0
./data/nips17/images/5021e7da00bf43b2,479,479,0.0
./data/nips17/images/ebdfdcba5dc3b72a,867,867,0.0
./data/nips17/images/68274b8293271807,833,833,0.0
./data/nips17/images/a84ead15406596ce,479,479,0.0
./data/nips17/images/5d1df4748743d42e,963,963,0.0
./data/nips17/images/16ff75228179469c,227,227,0.0
./data/nips17/images/6e840c209f5733d5,441,441,0.0
./data/nips17/images/16bbe588e0ecc6ab,141,141,0.0
./data/nips17/images/46b657df12fd7c26,283,283,0.0
./data/nips17/images/bc7dff0960bb3335,442,442,0.0
./data/nips17/images/128fca690a11f68c,97,97,0.0
./data/nips17/images/ed9b2813b9245e52,879,879,0.0
./data/nips17/images/a187afb98f295057,120,120,0.0
./data/nips17/images/d2d2b255935f0aae,947,947,0.0
./data/nips17/images/4d008626b4b68665,107,107,0.0
./data/nips17/images/10bc8784a5eb8843,439,743,0.0
./data/nips17/images/77ac8bf95825dfcc,907,634,0.0
./data/nips17/images/5c8bcfa0dbb246ab,817,817,0.0
./data/nips17/images/afb0233b2e0545c4,580,580,0.0
./data/nips17/images/1bb5f1337dfb1edd,640,640,0.0
./data/nips17/images/a3c4dd88edacb575,399,399,0.0
./data/nips17/images/64ed3f0e8a2dc320,652,652,0.0
./data/nips17/images/d25df1a8259d3fdf,160,160,0.0
./data/nips17/images/184a160b32ff4c72,517,517,0.0
./data/nips17/images/4f722cab5573a5fb,884,884,0.0
./data/nips17/images/1b546695167d3f6e,959,959,0.0
./data/nips17/images/6a940d1bf69f1d10,557,557,0.0
./data/nips17/images/f4902a569fa12171,949,949,0.0
./data/nips17/images/54a6b2cd7f89220e,917,917,0.0
./data/nips17/images/7b71925e989ee1d8,933,933,0.0
./data/nips17/images/eae13c52554a7783,780,780,0.0
./data/nips17/images/b1e69e9c3d740f4c,3,3,0.0
./data/nips17/images/493e327b171ab0c3,424,830,0.0
./data/nips17/images/2efe4916e679e875,865,865,0.0
./data/nips17/images/588bd41c9aa5a81b,911,533,0.0
./data/nips17/images/49b1adfeb8ffcabd,931,931,0.0
./data/nips17/images/225e06c2dfa68a62,881,881,0.0
./data/nips17/images/d7d5b34ea0a0ffcf,877,877,0.0
./data/nips17/images/0212aa8aa912ee45,326,326,0.0
./data/nips17/images/d7de327bbf412965,489,489,0.0
./data/nips17/images/2200794c59b1808e,310,310,0.0
./data/nips17/images/83896b9fb7e9c2f8,536,536,0.0
./data/nips17/images/f9f36f7774d73820,304,304,0.0
./data/nips17/images/796e23f8dbf9a7a2,606,606,0.0
./data/nips17/images/dad40e355e4e8e96,654,654,0.0
./data/nips17/images/064e1cc405062c85,107,107,0.0
./data/nips17/images/1484479b7630af0a,701,701,0.0
./data/nips17/images/18d5f99fe237a306,814,814,0.0
./data/nips17/images/d0c6c29954f0380b,430,430,0.0
./data/nips17/images/c777da68bec01dcd,486,486,0.0
./data/nips17/images/5cd8864b6e35df82,865,865,0.0
./data/nips17/images/444109f3ccfacc7b,335,335,0.0
./data/nips17/images/b722c809657aecee,776,776,0.0
./data/nips17/images/a193f7ae7d550a82,898,737,0.0
./data/nips17/images/97025d82ec9860dc,675,675,0.0
./data/nips17/images/23f39187c0d00e30,971,971,0.0
./data/nips17/images/515c6586db87bbd8,698,873,0.0
./data/nips17/images/42e9b41ce96dbf0a,850,850,0.0
./data/nips17/images/126175abfdcb1a21,470,470,0.0
./data/nips17/images/4b0c9bf2584b35d3,959,959,0.0
./data/nips17/images/19b5bea9a7608a92,777,777,0.0
./data/nips17/images/1a94dc47fdd84a95,869,869,0.0
./data/nips17/images/c35cd0d5673ec1db,962,962,0.0
./data/nips17/images/b239b5b3e1642f3b,913,913,0.0
./data/nips17/images/e22a1c8dab22f256,310,310,0.0
./data/nips17/images/d959fd91192d5717,628,628,0.0
./data/nips17/images/692016122b9e07a6,959,959,0.0
./data/nips17/images/8749fd2540a0cb01,832,832,0.0
./data/nips17/images/8e9e976fc98e3cfa,665,665,0.0
./data/nips17/images/d7c8008bf74f2324,814,814,0.0
./data/nips17/images/330b9cb3cd80c88b,533,533,0.0
./data/nips17/images/1ef172b89f4a39cf,50,50,0.0
./data/nips17/images/b02b553998809e17,703,703,0.0
./data/nips17/images/74b2e35cda75fe27,628,628,0.0
./data/nips17/images/f5a2cf5c66d313fa,976,976,0.0
./data/nips17/images/5ceb9f2e8405b0de,411,411,0.0
./data/nips17/images/114c98c078c5aab0,49,49,0.0
./data/nips17/images/d741b583a123562b,320,320,0.0
./data/nips17/images/324278ff7f22b4eb,818,497,0.0
./data/nips17/images/1f4227ce24232867,33,33,0.0
./data/nips17/images/5973419efd52f783,624,624,0.0
./data/nips17/images/fdedd06cdf58084e,981,981,0.0
./data/nips17/images/911aebf30626ce02,874,874,0.0
./data/nips17/images/55599050147071cc,472,472,0.0
./data/nips17/images/eee6f4bcc8468f77,963,963,0.0
./data/nips17/images/7f3c20f487834846,407,407,0.0
./data/nips17/images/8c8bc30a62a1ee23,303,303,0.0
./data/nips17/images/7e0fb7f80ffa514b,654,654,0.0
./data/nips17/images/c02ff39fe5832f4b,904,904,0.0
./data/nips17/images/891fe6baf8896b77,324,324,0.0
./data/nips17/images/e96d52f9fbe3ca0b,630,630,0.0
./data/nips17/images/29279d12ed3e29ff,457,457,0.0
./data/nips17/images/ac295a63ac9d2cd7,692,692,0.0
./data/nips17/images/5d23b04cc45bc37b,517,517,0.0
./data/nips17/images/11c53fe6feb856c6,796,476,0.0
./data/nips17/images/cbcb7444cc827812,762,762,0.0
./data/nips17/images/fe1314dd6f75551d,920,920,0.0
./data/nips17/images/a8fca010774a1187,489,828,0.0
./data/nips17/images/5ec826683757ffae,22,22,0.0
./data/nips17/images/b9310b9080c06e4f,866,866,0.0
./data/nips17/images/4f9f0b75f5b04524,57,57,0.0
./data/nips17/images/4abadb721e74b99b,944,944,0.0
./data/nips17/images/a3c651cf20ee2d34,401,640,0.0
./data/nips17/images/5c4eec952ca114a1,347,347,0.0
./data/nips17/images/7f045354f4577c16,557,557,0.0
./data/nips17/images/53211f8a1b131de6,945,945,0.0
./data/nips17/images/9c0e25e2f72438e8,511,511,0.0
./data/nips17/images/55512a6c2a45e2e8,927,927,0.0
./data/nips17/images/869adfbad4e38261,591,591,0.0
./data/nips17/images/adcf48b42266309d,504,504,0.0
./data/nips17/images/3b67bec3793efcb4,821,821,0.0
./data/nips17/images/67a08d685abf7fb6,738,738,0.0
./data/nips17/images/22a313cc9fc2b4f1,309,309,0.0
./data/nips17/images/0d85e0103989c850,323,323,0.0
./data/nips17/images/c3cf76709c87255b,654,675,0.0
./data/nips17/images/74355a8c878b6814,874,874,0.0
./data/nips17/images/6efed50f84ec5e01,946,946,0.0
./data/nips17/images/d6887e8d19a06139,562,562,0.0
./data/nips17/images/21fef4d9b3dce49a,974,974,0.0
./data/nips17/images/0d65cb9d26de4d37,570,570,0.0
./data/nips17/images/3df888fc3b1df464,954,954,0.0
./data/nips17/images/5ab3f1edd2f0cb06,386,386,0.0
./data/nips17/images/51b390bb124a6d9d,967,967,0.0
./data/nips17/images/5bf502c4a4b7d04d,9,9,0.0
./data/nips17/images/6ad1230d612d7eb7,437,437,0.0
./data/nips17/images/76a5715019fe11c7,820,820,0.0
./data/nips17/images/207fd3b5def218d1,990,990,0.0
./data/nips17/images/ad43e858c614db4d,967,967,0.0
./data/nips17/images/b3ba6f0352a29b2d,751,751,0.0
./data/nips17/images/95185508805329aa,652,652,0.0
./data/nips17/images/73ee2cc19ef92e50,981,981,0.0
./data/nips17/images/be1c43056c5d0085,144,144,0.0
./data/nips17/images/84a5f6ee2af29208,320,320,0.0
./data/nips17/images/50b9e11ae686ae32,320,320,0.0
./data/nips17/images/fe2edb6cad72d2d2,917,917,0.0
./data/nips17/images/58420b727fcab02b,137,137,0.0
./data/nips17/images/47b087263b33728b,317,317,0.0
./data/nips17/images/0e0299d6352a3fb8,538,538,0.0
./data/nips17/images/2ee4c1b2b9bcc6c8,762,762,0.0
./data/nips17/images/24312de5c34473c0,873,873,0.0
./data/nips17/images/bb748281da5e8681,347,347,0.0
./data/nips17/images/b648e8dfcb4fbc99,701,981,0.0
./data/nips17/images/d2cc2eabfc7bf54a,555,555,0.0
./data/nips17/images/da4b3e38b069d735,776,776,0.0
./data/nips17/images/b0bb1ea9bcc45800,844,844,0.0
./data/nips17/images/ac668c13ccfd4b79,597,597,0.0
./data/nips17/images/b6c6a5b7829fbc9b,472,472,0.0
./data/nips17/images/014f0024918a7b6f,9,9,0.0
./data/nips17/images/93114736f072d6d3,60,616,0.0
./data/nips17/images/c9ddfb1043177de8,974,974,0.0
./data/nips17/images/7e4c41563370bed1,718,718,0.0
./data/nips17/images/328d99215b19c8c7,805,805,0.0
./data/nips17/images/2a1a60df9a58bb7c,863,649,0.0
./data/nips17/images/263c7bcd59502625,479,479,0.0
./data/nips17/images/d05076189b7fd185,707,707,0.0
./data/nips17/images/fe193683db61ac2d,743,743,0.0
./data/nips17/images/d8b0101e2459882a,654,654,0.0
./data/nips17/images/3841b33c9797cbf1,475,908,0.0
./data/nips17/images/232c22314e21f764,114,114,0.0
./data/nips17/images/30b62313af2b5d74,315,315,0.0
./data/nips17/images/2c54b60a2851b8ed,656,656,0.0
./data/nips17/images/c96c3eab644075d3,347,347,0.0
./data/nips17/images/060dfe239abfd547,703,703,0.0
./data/nips17/images/0bd5123017590e39,565,565,0.0
./data/nips17/images/bd3617fcc985fe31,832,832,0.0
./data/nips17/images/54666421b4a6998f,919,919,0.0
./data/nips17/images/4e34df87968bd882,338,338,0.0
./data/nips17/images/3f48b1e74589d310,652,652,0.0
./data/nips17/images/96e77c20bf94ecb1,817,817,0.0
./data/nips17/images/4edeacef9fb8ec90,718,718,0.0
./data/nips17/images/c9302f3b2b0452e4,883,883,0.0
./data/nips17/images/0af0a5dfee6b84ff,483,483,0.0
./data/nips17/images/02dbe78a73db2808,974,974,0.0
./data/nips17/images/592c7424f13b2d29,603,603,0.0
./data/nips17/images/f5b0ed0fbb3b5f74,566,566,0.0
./data/nips17/images/1b1ffd7000d0749f,959,959,0.0
./data/nips17/images/70a2529a6b2c0d46,579,579,0.0
./data/nips17/images/bba5c56cc3eb07c9,920,920,0.0
./data/nips17/images/000b7d55b6184b08,388,388,0.0
./data/nips17/images/8a02b6196885c394,759,759,0.0
./data/nips17/images/582663fe666aac9c,922,922,0.0
./data/nips17/images/f6515f31b750a573,476,476,0.0
./data/nips17/images/acd99e9b7128395a,858,858,0.0
./data/nips17/images/83d35591dfff99ac,580,580,0.0
./data/nips17/images/3dfbdd066af9ca1e,820,820,0.0
./data/nips17/images/59204d6bb0c234eb,417,417,0.0
./data/nips17/images/d740663eeccdcecd,437,437,0.0
./data/nips17/images/9226b783cfb770bd,825,825,0.0
./data/nips17/images/01dd15caa1b2c7b4,303,303,0.0
./data/nips17/images/b97f4b95ae696316,517,517,0.0
./data/nips17/images/c42c88890b5fc86d,670,670,0.0
./data/nips17/images/d158837db31ed892,518,518,0.0
./data/nips17/images/4a1a40a116088962,597,597,0.0
./data/nips17/images/ba4508962af69d90,672,672,0.0
./data/nips17/images/7069a117c92d27a4,545,545,0.0
./data/nips17/images/79fa9855119ffeea,478,478,0.0
./data/nips17/images/82e2334925339ef8,817,817,0.0
./data/nips17/images/4f5464b7d4682441,975,975,0.0
./data/nips17/images/72f96c6dc5df2de8,884,884,0.0
./data/nips17/images/6609c25b3314b5b3,511,511,0.0
./data/nips17/images/52d8515abbfaa8ac,229,229,0.0
./data/nips17/images/a7f9b28e30d19d85,661,661,0.0
./data/nips17/images/8b7a5446dae48ac1,308,308,0.0
./data/nips17/images/b2a7e558f1a3ff16,619,619,0.0
./data/nips17/images/1a95932427129cda,656,656,0.0
./data/nips17/images/d4579363596fbf21,832,832,0.0
./data/nips17/images/f7dd570a0cfe1dcc,668,668,0.0
./data/nips17/images/2d23b1dab7e3e9c0,510,510,0.0
./data/nips17/images/b7d9e1d8cf1d7912,518,518,0.0
./data/nips17/images/6b27728f0f816dc6,637,637,0.0
./data/nips17/images/c96358fe7b8eaf28,705,705,0.0
./data/nips17/images/9b4cab2ffb0c0754,974,974,0.0
./data/nips17/images/1685d066f8070081,978,978,0.0
./data/nips17/images/e071bf346787d971,562,562,0.0
./data/nips17/images/e66d732354c6baf0,300,300,0.0
./data/nips17/images/33adbc27fdcadd65,923,923,0.0
./data/nips17/images/eb53098ebcf05e64,563,563,0.0
./data/nips17/images/8c609b06a60af060,498,498,0.0
./data/nips17/images/c66310d8b709d6d5,762,762,0.0
./data/nips17/images/740981d161a38bad,571,571,0.0
./data/nips17/images/4c8a4414419ab0bb,661,661,0.0
./data/nips17/images/ecaf98c8ce9f04c3,560,560,0.0
./data/nips17/images/093402dc35f59027,733,733,0.0
./data/nips17/images/8bb7d10e97694eb5,140,142,0.0
./data/nips17/images/820ae900a943d605,887,887,0.0
./data/nips17/images/8859efd46fab37ff,922,922,0.0
./data/nips17/images/dde9f0aadcb02874,980,980,0.0
./data/nips17/images/13810fcac72f12ba,875,875,0.0
./data/nips17/images/b1bf532ce2c4c3a1,874,874,0.0
./data/nips17/images/9aba31a4b2404aa5,911,911,0.0
./data/nips17/images/5b85f98e0105d135,569,569,0.0
./data/nips17/images/53c478ffc8ddb967,319,319,0.0
./data/nips17/images/92c3f5e99d8ac862,663,663,0.0
./data/nips17/images/fae45093bad0961a,528,528,0.0
./data/nips17/images/0db0952967f6faa6,815,815,0.0
./data/nips17/images/9594ef7e0fc79ea8,402,402,0.0
./data/nips17/images/634d7f18d098cccb,538,538,0.0
./data/nips17/images/05cac1419419ce29,853,853,0.0
./data/nips17/images/868af4a2e614f5ac,717,717,0.0
./data/nips17/images/6898f889c17f8e16,887,887,0.0
./data/nips17/images/8e3324c208eb9a3b,821,821,0.0
./data/nips17/images/7d7a8e41b8d0577e,544,964,0.0
./data/nips17/images/5ff168f7d006f69c,682,682,0.0
./data/nips17/images/f348adf7ea1967f7,908,908,0.0
./data/nips17/images/40f79488e3c2d6c4,917,917,0.0
./data/nips17/images/3e9496f7652e1968,468,468,0.0
./data/nips17/images/2f7d5ff922af55c4,480,480,0.0
./data/nips17/images/79a5625805a08253,765,765,0.0
./data/nips17/images/412311ea17528b7c,763,763,0.0
./data/nips17/images/00312c7e7196baf4,326,326,0.0
./data/nips17/images/51d1c77f80467b59,976,976,0.0
./data/nips17/images/82179b1d313e0e23,829,829,0.0
./data/nips17/images/b0e0e06e647b478f,483,483,0.0
./data/nips17/images/c609f86fa706bb9e,112,112,0.0
./data/nips17/images/55a2e48a87c16998,910,910,0.0
./data/nips17/images/7d833ac8ab852bd2,51,51,0.0
./data/nips17/images/fe92a88132b5d67b,962,962,0.0
./data/nips17/images/6ab876a15af539c4,983,983,0.0
./data/nips17/images/4fff343244f212cc,820,820,0.0
./data/nips17/images/22a9c318b6e36853,786,619,0.0
./data/nips17/images/71d368782c72e313,912,912,0.0
./data/nips17/images/65b8c8b065069802,665,665,0.0
./data/nips17/images/b0619a61cf135f5e,984,984,0.0
./data/nips17/images/93394c1f9c4c0053,319,319,0.0
./data/nips17/images/aa90f93ed6fae139,309,309,0.0
./data/nips17/images/aa07ba1587ec047e,468,468,0.0
./data/nips17/images/5d8085ae68e07d72,708,708,0.0
./data/nips17/images/749ed3502293d019,474,474,0.0
./data/nips17/images/791c3d333052ca64,963,963,0.0
./data/nips17/images/90e9a43bfb6a68b7,866,866,0.0
./data/nips17/images/72e6ba0cc7fb30a6,874,874,0.0
./data/nips17/images/8c5b5bc0f39e2e06,897,897,0.0
./data/nips17/images/cc43200264a62126,980,980,0.0
./data/nips17/images/be95f5be87f6fadd,458,458,0.0
./data/nips17/images/7b6e963025eaeb66,993,993,0.0
./data/nips17/images/7f842d0c1e747334,304,304,0.0
./data/nips17/images/ed3cb7f5154ae02d,979,979,0.0
./data/nips17/images/6ecbd7d19f5b9147,595,595,0.0
./data/nips17/images/d016b3204e7ca96e,791,791,0.0
./data/nips17/images/8400742ba78ac009,970,970,0.0
./data/nips17/images/121c87c3c822e2c5,458,458,0.0
./data/nips17/images/76886996d4ab4614,974,974,0.0
./data/nips17/images/9d5ef11ec55123e5,99,99,0.0
./data/nips17/images/1dfbeffd999f280e,581,581,0.0
./data/nips17/images/e3f5dbed7bd31314,546,546,0.0
./data/nips17/images/eb8ce5ba5c47e344,668,668,0.0
./data/nips17/images/f5dffe28fc19b6e7,917,917,0.0
./data/nips17/images/1ebff1b3c8de66de,336,336,0.0
./data/nips17/images/0546b47c13f154d3,107,107,0.0
./data/nips17/images/f52db15134c1a74e,637,637,0.0
./data/nips17/images/8094d4088a08cf09,440,440,0.0
./data/nips17/images/d9f624188d16fe93,39,39,0.0
./data/nips17/images/631b6820e91a9e3e,12,12,0.0
./data/nips17/images/611f453c4bb616b9,309,309,0.0
./data/nips17/images/5792d4a42d2a82c8,987,987,0.0
./data/nips17/images/c0e0c11350b8740e,318,318,0.0
./data/nips17/images/c663670c06c06ea4,908,908,0.0
./data/nips17/images/49591319edeb6b3a,308,308,0.0
./data/nips17/images/02eb799d147d5f91,624,624,0.0
./data/nips17/images/f2d36d089779166a,348,348,0.0
./data/nips17/images/cc8d850717026796,661,661,0.0
./data/nips17/images/ab3fef142d031784,656,656,0.0
./data/nips17/images/c84cbc2c05227bee,436,436,0.0
./data/nips17/images/9d55997552acf0de,259,259,0.0
./data/nips17/images/8da3593258ae27cb,580,580,0.0
./data/nips17/images/fccab516c111d524,649,649,0.0
./data/nips17/images/315e55af9615abd2,730,346,0.0
./data/nips17/images/c135337ca7a575ae,347,347,0.0
./data/nips17/images/3bfe9ff7b488485d,705,705,0.0
./data/nips17/images/1e33aa336b89dcff,538,538,0.0
./data/nips17/images/39a483e9a23716ed,675,675,0.0
./data/nips17/images/5191cfba868056a5,970,970,0.0
./data/nips17/images/4572c8986c28343b,436,436,0.0
./data/nips17/images/7700d0ba053dc4bd,936,936,0.0
./data/nips17/images/eab9755117160864,610,610,0.0
./data/nips17/images/8b47d72b39b2bd33,525,525,0.0
./data/nips17/images/7d2a7bca22967f29,734,734,0.0
./data/nips17/images/8e89734ed940e222,656,656,0.0
./data/nips17/images/30b922dbfdbffd11,609,609,0.0
./data/nips17/images/ef0e34b8ccb6d42f,981,981,0.0
./data/nips17/images/506b87b78daa499c,820,820,0.0
./data/nips17/images/62e0e0efc6deeef4,908,970,0.0
./data/nips17/images/28652355cd12a1e7,307,307,0.0
./data/nips17/images/0ed355357757528d,762,762,0.0
./data/nips17/images/abe9504895f6e8dd,565,565,0.0
./data/nips17/images/dd984311bff04342,117,117,0.0
./data/nips17/images/f7947af6545be760,417,417,0.0
./data/nips17/images/01244097ca8ffdfa,90,90,0.0
./data/nips17/images/3cf4bb0637d0f182,861,861,0.0
./data/nips17/images/1d5361e858fe8462,498,498,0.0
./data/nips17/images/6a50fbe8723a6a4a,974,562,0.0
./data/nips17/images/001b5e6f1b89fd3b,576,576,0.0
./data/nips17/images/25eef91443ded954,436,436,0.0
./data/nips17/images/ed3f9b6a081a4802,817,817,0.0
./data/nips17/images/95fbd20d0aaf319a,825,825,0.0
./data/nips17/images/2bc6c55a0ab24f86,785,785,0.0
./data/nips17/images/319e8b63d6a194aa,825,825,0.0
./data/nips17/images/4fcc9c949d66a4e0,770,770,0.0
./data/nips17/images/5c847b72d1e1713f,555,555,0.0
./data/nips17/images/707bce947d54bcd8,946,946,0.0
./data/nips17/images/43fa89c17e628c06,132,132,0.0
./data/nips17/images/6612fd36e6dd9534,308,308,0.0
./data/nips17/images/4146a745f9b2f3cb,50,50,0.0
./data/nips17/images/74bfc95412b2f824,671,671,0.0
./data/nips17/images/5fc906f27c8975d2,978,978,0.0
./data/nips17/images/2fc17ec1fad5d947,873,873,0.0
./data/nips17/images/cb63df64516985c1,634,634,0.0
./data/nips17/images/7b8413ef241118df,547,547,0.0
./data/nips17/images/2e854fca826e54b3,857,857,0.0
./data/nips17/images/f0add7f552d2d895,649,649,0.0
./data/nips17/images/9d4674c86096e4bd,661,661,0.0
./data/nips17/images/05437214d1ba9580,809,809,0.0
./data/nips17/images/dacb07f80166a7fd,448,448,0.0
./data/nips17/images/82b6f0bc71f5d0af,562,562,0.0
./data/nips17/images/0f36316247c03427,752,752,0.0
./data/nips17/images/efeabdd8a05e91f8,497,497,0.0
./data/nips17/images/7453471febf1db6f,594,594,0.0
./data/nips17/images/e6f2de0c605f1ed3,133,131,0.0
./data/nips17/images/648231d9393250fd,547,547,0.0
./data/nips17/images/864fffaf7a83b3f4,580,580,0.0
./data/nips17/images/c179282bd977c6e0,671,671,0.0
./data/nips17/images/40a7f086461190f3,492,492,0.0
./data/nips17/images/90e1aa56cae80a60,917,917,0.0
./data/nips17/images/839aa3d166b020cf,13,13,0.0
./data/nips17/images/38bdd950c1d08be6,132,132,0.0
./data/nips17/images/2d95297e468bdf9b,865,865,0.0
./data/nips17/images/ef5b1e5a76ae66dc,539,539,0.0
./data/nips17/images/7a11ae4c1f5e790c,688,688,0.0
./data/nips17/images/477bf90e7413df23,541,541,0.0
./data/nips17/images/7060ae82e5b96a77,521,521,0.0
./data/nips17/images/42e55ac6782d4d99,973,973,0.0
./data/nips17/images/8868879c2acd5d9e,321,321,0.0
./data/nips17/images/5b3a8c63e41802e7,749,749,0.0
./data/nips17/images/659ca4ac6cc57e89,777,777,0.0
./data/nips17/images/9534108b0e8dceb1,646,646,0.0
./data/nips17/images/fbc6b98b13c768e2,458,458,0.0
./data/nips17/images/7c3b0d93654b39cd,707,707,0.0
./data/nips17/images/43694caa12d5f823,978,978,0.0
./data/nips17/images/69788a29e7436808,309,309,0.0
./data/nips17/images/daa43d65c3b18a84,821,821,0.0
./data/nips17/images/a8c3363bbcc7015c,738,738,0.0
./data/nips17/images/93a0857ff81c25ce,547,547,0.0
./data/nips17/images/b11fa0f292c0178f,701,701,0.0
./data/nips17/images/1dc0533f87996962,565,565,0.0
./data/nips17/images/589319c64adf5fce,698,698,0.0
./data/nips17/images/cebd45d7200f6111,70,70,0.0
./data/nips17/images/7e73c7adc520e406,132,132,0.0
./data/nips17/images/6de6432b0f23ae75,104,104,0.0
./data/nips17/images/ebb4dad78cfd67a9,737,737,0.0
./data/nips17/images/e8c6f75ad26bae84,972,972,0.0
./data/nips17/images/1e408a8d1e2cdc74,768,768,0.0
./data/nips17/images/11afa51200515f9a,825,825,0.0
./data/nips17/images/9f6fe669276f04cf,919,919,0.0
./data/nips17/images/408bae58c26a8076,132,132,0.0
./data/nips17/images/b5548ecffa20aac8,933,933,0.0
./data/nips17/images/9ee13ecd8d6727c0,800,497,0.0
./data/nips17/images/d1a723656dc08b5e,821,821,0.0
./data/nips17/images/d1709eec353a6f93,296,296,0.0
./data/nips17/images/b89dbfcc49dcf156,888,888,0.0
./data/nips17/images/7368fe0ff47343a0,964,964,0.0
./data/nips17/images/d23fd2119c4f5dec,328,328,0.0
./data/nips17/images/5a0e21d54b9c4954,327,327,0.0
./data/nips17/images/4b8517e927f32962,865,865,0.0
./data/nips17/images/38deb4830d12358f,979,979,0.0
./data/nips17/images/81804435ad51df95,436,436,0.0
./data/nips17/images/e4941a341ace171a,708,708,0.0
./data/nips17/images/558a7b66b78ba65b,421,421,0.0
./data/nips17/images/435137d9d4f4125e,1,1,0.0
./data/nips17/images/c43077b2283479be,13,13,0.0
./data/nips17/images/77c72d0a01e1af70,427,427,0.0
./data/nips17/images/72ac2a5af79e26d5,717,717,0.0
./data/nips17/images/32c0e4647ce5a812,326,326,0.0
./data/nips17/images/54153d17b11b495c,656,656,0.0
./data/nips17/images/fb1efda0b27d5289,847,847,0.0
./data/nips17/images/7c5ea6f89e6e2733,819,819,0.0
./data/nips17/images/721804d1d3a60206,908,908,0.0
./data/nips17/images/dcb6b32cd80f2b1f,555,555,0.0
./data/nips17/images/49c27b439d39a00c,489,489,0.0
./data/nips17/images/2c065d2dc6b2cf44,933,933,0.0
./data/nips17/images/b3f200c672c5ca4f,975,975,0.0
./data/nips17/images/3f40eba168e5d385,514,514,0.0
./data/nips17/images/0e71473957df4793,412,877,0.0
./data/nips17/images/6c9f8901246faff2,628,628,0.0
./data/nips17/images/a64ae1acd9d09a87,130,130,0.0
./data/nips17/images/05f7c084329ff0c6,972,972,0.0
./data/nips17/images/5d77597361d06d2b,903,903,0.0
./data/nips17/images/ac2a8a4777dbe746,895,895,0.0
./data/nips17/images/3d75d9676ad6361c,150,150,0.0
./data/nips17/images/e3a740861f12f49e,819,819,0.0
./data/nips17/images/64577d3916d6dafb,662,605,0.0
./data/nips17/images/3b32eca218ed3dbe,741,741,0.0
./data/nips17/images/0707f3dfb7c29f5c,605,605,0.0
./data/nips17/images/59e9bdbb7a3fc4ba,517,517,0.0
./data/nips17/images/686ea4ec999364ff,458,458,0.0
./data/nips17/images/cb71a056a8e05bb2,319,319,0.0
./data/nips17/images/f63d58b5af16091f,715,715,0.0
./data/nips17/images/d3aa8ee50458c020,430,430,0.0
./data/nips17/images/2891f4aa2279d369,470,470,0.0
./data/nips17/images/ae24c23192976a40,751,751,0.0
./data/nips17/images/348ac56def3ccd35,915,915,0.0
./data/nips17/images/d46216d31908163e,895,895,0.0
./data/nips17/images/a8dd9ba15f7b817b,805,805,0.0
./data/nips17/images/5224fec9ba33b50d,603,603,0.0
./data/nips17/images/b3c384a2d1a391c0,630,630,0.0
./data/nips17/images/4a1a488e8a975f7c,919,919,0.0
./data/nips17/images/d7c1d1632cf0acc7,403,403,0.0
./data/nips17/images/ca50e3535eb6396c,867,555,0.0
./data/nips17/images/30e132285c2e960f,911,911,0.0
./data/nips17/images/ea65c0ff71e7ceb3,403,403,0.0
./data/nips17/images/200285e90078210b,441,441,0.0
./data/nips17/images/cec46dbd1fa3473a,897,897,0.0
./data/nips17/images/6314b953a2f66e36,310,310,0.0
./data/nips17/images/1f3f949ccbc81c93,303,303,0.0
./data/nips17/images/04546cc5e537d7cd,425,425,0.0
./data/nips17/images/73064ceb466612d5,718,718,0.0
./data/nips17/images/ae78688b32986638,912,912,0.0
./data/nips17/images/72d85232abd98067,470,470,0.0
./data/nips17/images/89d8361c6bfe905c,603,603,0.0
./data/nips17/images/4ca02fd28a5e9703,995,995,0.0
./data/nips17/images/48762c2cd2ed47e1,754,754,0.0
./data/nips17/images/b217644382dcd864,511,511,0.0
./data/nips17/images/c4824f023903731a,737,737,0.0
./data/nips17/images/629138193e021cdf,884,884,0.0
./data/nips17/images/7d4186ce0332245d,975,975,0.0
./data/nips17/images/90dfd75887f3e67b,985,985,0.0
./data/nips17/images/ed56c7616a8ac010,781,781,0.0
./data/nips17/images/5d6b9cadb6f9e1cd,895,895,0.0
./data/nips17/images/a033832d9ff8913b,100,100,0.0
./data/nips17/images/313ff0037b86260a,497,497,0.0
./data/nips17/images/afe045d68f1a60d0,989,989,0.0
./data/nips17/images/b19e2df06dbcccd9,672,672,0.0
./data/nips17/images/510e5062fef4a993,630,630,0.0
./data/nips17/images/943274babd06a662,668,668,0.0
./data/nips17/images/0e83f990a04ed67d,821,821,0.0
./data/nips17/images/607702d7ef44d081,864,864,0.0
./data/nips17/images/e9811aebe8bed6e5,335,335,0.0
./data/nips17/images/380053c506e32105,779,779,0.0
./data/nips17/images/668bc83a884d24f9,2,2,0.0
./data/nips17/images/be9a3bea2989a0b4,717,717,0.0
./data/nips17/images/b74c05ecff5f99d8,406,406,0.0
./data/nips17/images/7a51c260ca0e83e7,547,547,0.0
./data/nips17/images/e89d48768917f563,458,458,0.0
./data/nips17/images/080bec22a6b1d37d,759,759,0.0
./data/nips17/images/e37b556e8889d2ec,751,751,0.0
./data/nips17/images/67dd47336dc89421,817,817,0.0
./data/nips17/images/25f85aadcf248cc1,853,853,0.0
./data/nips17/images/c3e9a84e039df3ce,468,468,0.0
./data/nips17/images/0134ba03294509a1,981,981,0.0
./data/nips17/images/53fe22426ff21243,535,535,0.0
./data/nips17/images/4053a6a3d0e63c01,391,391,0.0
./data/nips17/images/3ece3c1f94e4141a,331,331,0.0
./data/nips17/images/7d253f78ef6f029a,682,682,0.0
./data/nips17/images/fecd59b8de8ae6f7,819,819,0.0
./data/nips17/images/24159caf9c5e92be,707,707,0.0
./data/nips17/images/44982b98ba192bb7,321,321,0.0
./data/nips17/images/7ca714cdcd5d36d9,779,779,0.0
./data/nips17/images/cbaff3255afbe83f,560,560,0.0
./data/nips17/images/fafbad0b3093a886,671,671,0.0
./data/nips17/images/45315ea51da415ab,355,355,0.0
./data/nips17/images/1e4bb9fd37654da6,819,819,0.0
./data/nips17/images/5f3ea3c6b683fb57,772,772,0.0
./data/nips17/images/ccbcaf10176e78e0,922,922,0.0
./data/nips17/images/8d17aa69b4fd7b45,406,406,0.0
./data/nips17/images/c25da85d5d62b000,403,403,0.0
./data/nips17/images/beb3e55c385feb12,814,814,0.0
./data/nips17/images/ed3573d0c197fbaf,847,847,0.0
./data/nips17/images/95d1a6be6786190f,890,890,0.0
./data/nips17/images/c8abefc975e94b10,874,874,0.0
./data/nips17/images/be97d1e63c32043e,94,94,0.0
./data/nips17/images/df2cd1b82d5dec14,518,518,0.0
./data/nips17/images/024f73e53c3c1f1d,579,579,0.0
./data/nips17/images/e957c417fcd20c5b,819,819,0.0
./data/nips17/images/795f5aef9bef8134,825,825,0.0
./data/nips17/images/422d08407aeed1be,113,113,0.0
./data/nips17/images/69a39406cb1d2ce5,475,475,0.0
./data/nips17/images/564de663adeb8cd5,557,557,0.0
./data/nips17/images/04c1bde5affb7b5b,652,652,0.0
./data/nips17/images/90f5385a77a49f77,703,703,0.0
./data/nips17/images/604b54a3b7424d9b,938,938,0.0
./data/nips17/images/a6535c039bfeba2c,535,535,0.0
./data/nips17/images/35d67f3f70aeef92,979,979,0.0
./data/nips17/images/3efa3df701898afd,722,736,0.0
./data/nips17/images/f08f34c258228251,698,698,0.0
./data/nips17/images/d47c9aabecda0e12,985,985,0.0
./data/nips17/images/d97c1f3f1c211d1a,975,978,0.0
./data/nips17/images/62949c357e429690,972,972,0.0
./data/nips17/images/9311a098cfb4b946,820,820,0.0
./data/nips17/images/38d8d105d5e70c80,904,421,0.0
./data/nips17/images/a28beac14b9037da,404,404,0.0
./data/nips17/images/fa3aae44c2675e88,770,770,0.0
./data/nips17/images/44aa69f642b86628,879,879,0.0
./data/nips17/images/6cc289dc7a8fce86,157,157,0.0
./data/nips17/images/a92babc0a6436d3b,759,759,0.0
./data/nips17/images/9fbeb797de1e1639,498,762,0.0
./data/nips17/images/16179baa1513c701,94,94,0.0
./data/nips17/images/5a8d5bc9bf40e832,518,518,0.0
./data/nips17/images/aa4e1cf9cb6e7801,895,895,0.0
./data/nips17/images/200735f93ea764f2,308,308,0.0
./data/nips17/images/5d53f9bc389e98ad,264,264,0.0
./data/nips17/images/5b974695c09ad165,990,990,0.0
./data/nips17/images/becf3b004177ded6,985,985,0.0
./data/nips17/images/4f04ca75d7aafc0a,839,839,0.0
./data/nips17/images/8764eecf6e898c7f,483,483,0.0
./data/nips17/images/c5f5e09f4f5fd41a,403,403,0.0
./data/nips17/images/17f3b8a057bc01be,858,858,0.0
./data/nips17/images/c10f6e0689efbc1c,887,887,0.0
./data/nips17/images/0e9bdc3ab80b1a71,366,366,0.0
./data/nips17/images/c17d39b1eba4cc03,668,668,0.0
./data/nips17/images/ec346009f286ffca,119,119,0.0
./data/nips17/images/01fa4be27dd11b5d,450,450,0.0
./data/nips17/images/490df9e021386d29,404,404,0.0
./data/nips17/images/08fbf75e60a6efb7,483,483,0.0
./data/nips17/images/fc583c08026e3d74,880,880,0.0
./data/nips17/images/db6c6671a6924eba,406,406,0.0
./data/nips17/images/5a6439b10c1f6761,319,319,0.0
./data/nips17/images/218e02b6cfa0466e,698,698,0.0
./data/nips17/images/3f8bf287f20333eb,972,972,0.0
./data/nips17/images/be5543dc68f0b970,779,779,0.0
./data/nips17/images/87fcc5f70673d3d2,698,698,0.0
./data/nips17/images/99f175132cd1c6e2,933,933,0.0
./data/nips17/images/a4f718e554dd18dd,975,975,0.0
./data/nips17/images/46a489dcff5471a4,919,919,0.0
./data/nips17/images/38c6124f40b8d845,895,895,0.0
./data/nips17/images/6740e1e89b5bbab4,980,980,0.0
./data/nips17/images/54ff02d9dfbf8540,883,883,0.0
./data/nips17/images/2c9398f44d099e0f,521,521,0.0
./data/nips17/images/6896a8b78f404dc8,979,979,0.0
./data/nips17/images/d2d6ae6e0b8a0c31,985,985,0.0
./data/nips17/images/fccfc3563cd562e1,976,976,0.0
./data/nips17/images/d3a88c50958b1b5f,976,976,0.0
./data/nips17/images/513b3032ed1f388c,113,113,0.0
./data/nips17/images/6217866896fbe2b7,698,698,0.0
./data/nips17/images/21554e755b9706d2,341,341,0.0
./data/nips17/images/87a2147620d5e1cb,779,779,0.0
./data/nips17/images/b86d604067f50613,489,489,0.0
./data/nips17/images/af3736cca01a2d28,319,317,0.0
./data/nips17/images/5adb3d985cf217a9,404,404,0.0
./data/nips17/images/60566d5680497389,472,472,0.0
./data/nips17/images/1cfa5381359bff9f,421,421,0.0
./data/nips17/images/cd40b0e46c9da574,661,661,0.0
./data/nips17/images/e9ecdf28dc1d5a85,608,608,0.0
./data/nips17/images/821aae58dc96b4b2,340,340,0.0
./data/nips17/images/715335d5ddfca1f2,480,480,0.0
./data/nips17/images/1be47d60e0156bbb,649,649,0.0
./data/nips17/images/8724748782cb6c31,75,75,0.0
./data/nips17/images/2ba52bcf59097dc8,970,970,0.0
./data/nips17/images/2ed718f6db9785f8,518,518,0.0
./data/nips17/images/4a251fb6d80b5137,799,799,0.0
./data/nips17/images/3617bfc5d06bc196,884,884,0.0
./data/nips17/images/143c74a57326fd40,421,421,0.0
./data/nips17/images/d051e0bd46125123,668,668,0.0
./data/nips17/images/84af93c72781b7f0,437,437,0.0
./data/nips17/images/a52570066ecc61fd,975,975,0.0
./data/nips17/images/3e8bf1eee7083f6e,630,630,0.0
./data/nips17/images/f6d5c95ce7908a58,560,560,0.0
./data/nips17/images/bfb2aaf48d7fc08c,978,978,0.0
./data/nips17/images/5528f7330399485f,73,73,0.0
./data/nips17/images/635ea505879178ed,538,538,0.0
./data/nips17/images/a8631b077e74f7aa,479,479,0.0
./data/nips17/images/bb03be3702584eeb,671,671,0.0
./data/nips17/images/8090736c8299ab28,979,979,0.0
./data/nips17/images/74b13710bcf4f7f3,774,774,0.0
./data/nips17/images/ecd3a969dd466349,284,284,0.0
./data/nips17/images/2abcab3d77d4767e,517,442,0.0
./data/nips17/images/8c975de17f3247d1,649,649,0.0
./data/nips17/images/8d86fae18afef4e0,37,37,0.0
./data/nips17/images/619a9d0eb2acdd82,884,884,0.0
./data/nips17/images/9ab953cce5c7f879,442,442,0.0
./data/nips17/images/1c2e9fe8b0b2fdf2,57,57,0.0
./data/nips17/images/a414ccf5c51454e0,829,829,0.0
./data/nips17/images/26aa2e6ee43387e7,912,912,0.0
./data/nips17/images/3302a8c24caf20f4,706,703,0.0
./data/nips17/images/dd722682a9f2b9dd,436,436,0.0
./data/nips17/images/6afe58efa85756dc,928,928,0.0
./data/nips17/images/0ceee9a38409e30c,483,483,0.0
./data/nips17/images/1df5e1adad21d618,404,404,0.0
./data/nips17/images/57e62606f02d0251,547,547,0.0
./data/nips17/images/d0fe8afb55c3c7cd,497,497,0.0
./data/nips17/images/91d18b353d5b3be2,930,930,0.0
./data/nips17/images/21b0803c965f76ef,919,919,0.0
./data/nips17/images/f20783fc38473514,385,385,0.0
./data/nips17/images/3d6e530955c60759,511,511,0.0
./data/nips17/images/7e5c847bafc4d50c,450,908,0.0
./data/nips17/images/0aebe24fc257286e,560,560,0.0
./data/nips17/images/3c970c84b598f2d9,779,779,0.0
./data/nips17/images/c6166621198a3de4,985,985,0.0
./data/nips17/images/134bfd93a04b88b2,580,580,0.0
./data/nips17/images/4227a6e105cc0588,970,970,0.0
./data/nips17/images/405dd60729a8c18d,847,847,0.0
./data/nips17/images/0d29832e5da60f5f,972,972,0.0
./data/nips17/images/90ab38bb74020d5a,646,646,0.0
./data/nips17/images/068c5d66662a837a,963,963,0.0
./data/nips17/images/e5f15610a22098bb,671,671,0.0
./data/nips17/images/4cd90a6459ce9571,718,718,0.0
./data/nips17/images/4a0bac33f8e81e60,406,406,0.0
./data/nips17/images/cc283b8f7f46fbf0,573,573,0.0
./data/nips17/images/70b9b8ae11327472,10,10,0.0
./data/nips17/images/5dd8e133e66ecd3a,141,141,0.0
./data/nips17/images/4dc360d125c9238c,526,526,0.0
./data/nips17/images/8805b0b20d808c49,703,703,0.0
./data/nips17/images/15d27dbdc9eeda7f,468,468,0.0
./data/nips17/images/448a738f6dcba07e,562,562,0.0
./data/nips17/images/e5948d6294eb8ca3,886,886,0.0
